Title,Price,Image Path,Product Link
"Samsung 43"" UE43TU7100K Crystal UHD 4K HDR Smart LED TV, B",£150.00,img/SLEDSAMUE43TU7100KB_l.jpg,https://uk.webuy.com/product-detail?id=sledsamue43tu7100kb&categoryName=led-televisions&superCatName=electronics&title=&queryID=0436470f39a6d68317a19f53668f9b65&position=1
"Samsung UE40KU6400 Smart 4K UHD 40"" LED TV, B",£165.00,img/SLEDSAMUE40KU6400B_l.jpg,https://uk.webuy.com/product-detail?id=sledsamue40ku6400b&categoryName=led-televisions&superCatName=electronics&title=&queryID=0436470f39a6d68317a19f53668f9b65&position=2
"LG 32LM6300PLA 32"" Smart LED TV, B",£88.00,img/SLEDLG32LM630B_l.jpg,https://uk.webuy.com/product-detail?id=sledlg32lm630b&categoryName=led-televisions&superCatName=electronics&title=&queryID=0436470f39a6d68317a19f53668f9b65&position=3
"Generic 24"" LED TV, B",£25.00,img/SLEDGEN24B_l.jpg,https://uk.webuy.com/product-detail?id=sledgen24b&categoryName=led-televisions&superCatName=electronics&title=&queryID=0436470f39a6d68317a19f53668f9b65&position=4
"Sony KDL32WD756 32"" FHD Smart LCD TV, B",£135.00,img/SLCDSONKDL32WD756B_l.jpg,https://uk.webuy.com/product-detail?id=slcdsonkdl32wd756b&categoryName=lcd-televisions&superCatName=electronics&title=&queryID=0436470f39a6d68317a19f53668f9b65&position=5
"Sony Bravia KDL32WE613 32"" HRD LED Smart TV, B",£100.00,img/SLEDSONKDL32WE613B_l.jpg,https://uk.webuy.com/product-detail?id=sledsonkdl32we613b&categoryName=led-televisions&superCatName=electronics&title=&queryID=0436470f39a6d68317a19f53668f9b65&position=6
"Samsung UE22H5600AK 22"" LED TV, B",£55.00,img/SLEDSAMUE22H5600AKB_l.jpg,https://uk.webuy.com/product-detail?id=sledsamue22h5600akb&categoryName=led-televisions&superCatName=electronics&title=&queryID=0436470f39a6d68317a19f53668f9b65&position=7
"Generic 40"" LED TV, B",£88.00,img/SLEDGEN40B_l.jpg,https://uk.webuy.com/product-detail?id=sledgen40b&categoryName=led-televisions&superCatName=electronics&title=&queryID=0436470f39a6d68317a19f53668f9b65&position=8
"Generic 32"" LED TV, B",£52.00,img/SLEDGEN32B_l.jpg,https://uk.webuy.com/product-detail?id=sledgen32b&categoryName=led-televisions&superCatName=electronics&title=&queryID=0436470f39a6d68317a19f53668f9b65&position=9
"Samsung UE32T4307AK 32"" Smart LED TV, B",£110.00,img/SLEDSAMUE32T4307AKB_l.jpg,https://uk.webuy.com/product-detail?id=sledsamue32t4307akb&categoryName=led-televisions&superCatName=electronics&title=&queryID=0436470f39a6d68317a19f53668f9b65&position=10
"Samsung UE40NU7120 Ultra HD 4K 40"" LED TV, B",£175.00,img/SSAMUE40NU7120B_l.jpg,https://uk.webuy.com/product-detail?id=ssamue40nu7120b&categoryName=led-televisions&superCatName=electronics&title=&queryID=0436470f39a6d68317a19f53668f9b65&position=11
"Toshiba 43UF3D53DB 43"" 4K UHD Smart LED TV, B",£165.00,img/SLEDTOS43UF3D53DBB_l.jpg,https://uk.webuy.com/product-detail?id=sledtos43uf3d53dbb&categoryName=led-televisions&superCatName=electronics&title=&queryID=0436470f39a6d68317a19f53668f9b65&position=12
"TCL 32ES568 32"" LED Smart TV, C",£65.00,img/SLEDTCL32ES568C_l.jpg,https://uk.webuy.com/product-detail?id=sledtcl32es568c&categoryName=led-televisions&superCatName=electronics&title=&queryID=0436470f39a6d68317a19f53668f9b65&position=13
"Sony KDL-42W829B 42"" LED, C",£100.00,img/SLEDSONKDL42W829C_l.jpg,https://uk.webuy.com/product-detail?id=sledsonkdl42w829c&categoryName=led-televisions&superCatName=electronics&title=&queryID=0436470f39a6d68317a19f53668f9b65&position=14
"Sony Bravia KDL-32W705B 32"" LED TV, B",£80.00,img/SLEDSONKDL32W705B_l.jpg,https://uk.webuy.com/product-detail?id=sledsonkdl32w705b&categoryName=led-televisions&superCatName=electronics&title=&queryID=0436470f39a6d68317a19f53668f9b65&position=15
"Samsung UE32T5300 32"" FHD HDR LED TV, B",£105.00,img/SLEDSAMUE32T5300B_l.jpg,https://uk.webuy.com/product-detail?id=sledsamue32t5300b&categoryName=led-televisions&superCatName=electronics&title=&queryID=0436470f39a6d68317a19f53668f9b65&position=16
"Samsung UE32T4300AK 32"" HD Smart LED TV, B",£98.00,img/SLEDSAMUE32T4300AKB_l.jpg,https://uk.webuy.com/product-detail?id=sledsamue32t4300akb&categoryName=led-televisions&superCatName=electronics&title=&queryID=0436470f39a6d68317a19f53668f9b65&position=17
